HEADER1-1;HEADER1-2;HEADER1-3;HEADER1-4;
line1-1;line1-2;line1-3;line1-4;
line2-1;line2-2;line2-3;line2-4;
line3-1;line3-1;line3-3;line3-4;
line4-1;line4-1;line4-3;line4-4;
line5-1;line5-1;line5-3;line5-4;
line6-1;line6-1;line6-3;line6-4;
line7-1;line7-1;line7-3;line7-4;
line8-1;line8-1;line8-3;line8-4;
line9-1;line9-1;line9-3;line9-4;
line10-1;line10-2;line10-3;line10-4;
line11-1;line11-2;line11-3;line11-4;
line12-1;line12-2;line12-3;line12-4;
line13-1;line13-1;line13-3;line13-4;
line14-1;line14-1;line14-3;line14-4;
line15-1;line15-1;line15-3;line15-4;
line16-1;line16-1;line16-3;line16-4;
line17-1;line17-1;line17-3;line17-4;
line18-1;line18-1;line18-3;line18-4;
line19-1;line19-1;line19-3;line19-4;
